timestamp_utc,agent,dials,carrier_answered,speaker_turns,disposition,appointment_type,premium_screen,applications,sales,ad_spend
2026-09-15T03:30:00Z,Ana,32,7,4,no_answer,none,89,2,2,6.96
2026-09-15T02:30:00Z,Carlos,44,9,0,no_answer,callback,65,1,0,66.13
2026-09-15T18:30:00Z,Diego,15,12,0,callback,appointment,120,0,2,70.26
2026-09-15T13:30:00Z,Elena,15,6,0,appointment,none,47,1,2,14.14
2026-09-15T18:30:00Z,Fabio,31,20,10,callback,none,89,1,1,11.69
2026-09-15T21:30:00Z,Gabriela,16,12,0,appointment,none,65,3,1,55.87
2026-09-15T07:30:00Z,Hector,41,14,2,callback,none,120,0,2,36.03
2026-09-15T02:30:00Z,Isabel,43,13,8,voicemail,callback,89,0,2,50.17
2026-09-15T02:30:00Z,Jorge,33,7,4,voicemail,none,120,2,1,83.44
2026-09-15T08:30:00Z,Karen,50,18,6,voicemail,none,0,3,2,79.7
2026-09-15T21:30:00Z,Luis,15,14,8,conversation,appointment,89,3,1,86.0
2026-09-15T19:30:00Z,Maria,54,14,0,voicemail,callback,29,0,1,7.07
2026-09-15T15:30:00Z,Nora,30,7,8,callback,callback,65,0,0,53.9
2026-09-15T22:30:00Z,Oscar,47,11,0,voicemail,appointment,47,3,1,81.93
2026-09-15T07:30:00Z,PBG Billing,36,10,0,no_answer,none,29,1,0,58.2
2026-09-16T13:30:00Z,Ana,49,8,2,conversation,none,29,2,2,67.96
2026-09-16T17:30:00Z,Carlos,20,19,6,no_answer,callback,120,3,1,47.88
2026-09-16T02:30:00Z,Diego,18,18,8,voicemail,none,29,1,1,19.48
2026-09-16T04:30:00Z,Elena,33,22,0,no_answer,none,89,0,1,73.65
2026-09-16T20:30:00Z,Fabio,16,16,0,appointment,callback,29,2,1,72.27
2026-09-16T15:30:00Z,Gabriela,42,6,0,voicemail,callback,65,2,0,17.29
2026-09-16T06:30:00Z,Hector,33,11,4,callback,appointment,0,2,0,82.81
2026-09-16T16:30:00Z,Isabel,13,11,2,no_answer,appointment,47,2,0,42.68
2026-09-16T07:30:00Z,Jorge,26,20,6,appointment,callback,120,1,0,98.2
2026-09-16T00:30:00Z,Karen,26,9,6,voicemail,callback,120,0,1,56.67
2026-09-16T11:30:00Z,Luis,24,22,2,voicemail,appointment,47,0,0,12.26
2026-09-16T19:30:00Z,Maria,42,9,2,callback,callback,89,0,1,109.1
2026-09-16T06:30:00Z,Nora,34,23,0,no_answer,callback,120,3,0,52.07
2026-09-16T23:30:00Z,Oscar,52,13,0,voicemail,callback,65,0,2,19.06
2026-09-16T04:30:00Z,PBG Billing,20,3,0,appointment,callback,120,3,2,112.5
2026-09-17T23:30:00Z,Ana,21,20,6,callback,none,0,0,2,89.94
2026-09-17T08:30:00Z,Carlos,20,16,10,callback,none,0,1,1,60.14
2026-09-17T01:30:00Z,Diego,49,13,2,appointment,callback,29,2,1,79.5
2026-09-17T04:30:00Z,Elena,45,16,10,appointment,none,89,0,1,93.18
2026-09-17T15:30:00Z,Fabio,50,3,10,callback,none,29,0,2,7.41
2026-09-17T17:30:00Z,Gabriela,55,19,6,appointment,callback,0,0,0,22.96
2026-09-17T02:30:00Z,Hector,14,4,6,voicemail,appointment,0,3,1,73.5
2026-09-17T14:30:00Z,Isabel,44,22,6,callback,appointment,47,3,2,112.98
2026-09-17T13:30:00Z,Jorge,45,11,6,callback,callback,29,0,1,53.05
2026-09-17T21:30:00Z,Karen,16,13,0,voicemail,none,29,2,0,107.64
2026-09-17T07:30:00Z,Luis,21,14,0,conversation,none,65,0,1,106.19
2026-09-17T10:30:00Z,Maria,22,10,0,voicemail,appointment,65,3,0,42.79
2026-09-17T14:30:00Z,Nora,17,14,2,no_answer,callback,89,3,2,2.17
2026-09-17T03:30:00Z,Oscar,33,19,6,conversation,appointment,0,1,0,10.09
2026-09-17T13:30:00Z,PBG Billing,29,4,10,callback,callback,29,2,1,17.92
2026-09-18T01:30:00Z,Ana,44,21,4,conversation,none,47,1,1,107.43
2026-09-18T19:30:00Z,Carlos,29,3,8,no_answer,callback,0,1,0,31.73
2026-09-18T08:30:00Z,Diego,19,17,0,conversation,appointment,65,1,0,63.23
2026-09-18T06:30:00Z,Elena,27,6,0,conversation,none,29,2,2,36.6
2026-09-18T08:30:00Z,Fabio,25,12,4,appointment,appointment,29,2,0,119.34
2026-09-18T16:30:00Z,Gabriela,14,3,0,appointment,appointment,29,3,0,112.16
2026-09-18T16:30:00Z,Hector,18,16,8,voicemail,appointment,65,2,2,25.82
2026-09-18T01:30:00Z,Isabel,26,13,0,callback,callback,47,1,0,8.49
2026-09-18T12:30:00Z,Jorge,28,16,0,no_answer,none,120,2,2,29.07
2026-09-18T14:30:00Z,Karen,30,4,4,callback,none,47,0,1,43.7
2026-09-18T06:30:00Z,Luis,33,20,2,callback,none,47,2,0,0.13
2026-09-18T06:30:00Z,Maria,36,5,4,conversation,appointment,120,1,2,93.15
2026-09-18T18:30:00Z,Nora,17,7,10,no_answer,none,65,0,1,2.7
2026-09-18T04:30:00Z,Oscar,31,23,0,no_answer,appointment,89,3,1,86.48
2026-09-18T01:30:00Z,PBG Billing,43,7,2,appointment,appointment,29,3,2,84.13
2026-09-19T21:30:00Z,Ana,44,7,6,appointment,appointment,0,1,0,3.74
2026-09-19T01:30:00Z,Carlos,20,14,0,voicemail,callback,89,0,2,63.77
2026-09-19T23:30:00Z,Diego,27,18,2,no_answer,callback,0,0,2,63.12
2026-09-19T23:30:00Z,Elena,42,11,10,no_answer,callback,29,1,0,88.78
2026-09-19T21:30:00Z,Fabio,41,18,10,voicemail,none,65,2,0,74.04
2026-09-19T08:30:00Z,Gabriela,53,9,0,appointment,none,47,2,2,68.13
2026-09-19T03:30:00Z,Hector,12,10,0,voicemail,callback,120,1,2,58.75
2026-09-19T17:30:00Z,Isabel,45,12,4,voicemail,callback,0,1,1,117.38
2026-09-19T14:30:00Z,Jorge,42,3,2,voicemail,none,89,2,1,25.18
2026-09-19T16:30:00Z,Karen,25,5,6,no_answer,none,120,2,1,15.91
2026-09-19T07:30:00Z,Luis,52,19,2,no_answer,appointment,47,3,1,47.29
2026-09-19T23:30:00Z,Maria,22,3,4,voicemail,callback,47,1,1,41.28
2026-09-19T10:30:00Z,Nora,32,6,10,conversation,none,47,3,0,112.79
2026-09-19T02:30:00Z,Oscar,24,3,8,conversation,callback,47,3,1,119.86
2026-09-19T08:30:00Z,PBG Billing,49,5,2,voicemail,callback,0,0,0,100.16
2026-09-20T16:30:00Z,Ana,30,23,0,callback,callback,65,2,0,92.78
2026-09-20T06:30:00Z,Carlos,39,3,10,voicemail,appointment,89,0,0,112.02
2026-09-20T15:30:00Z,Diego,38,17,6,callback,appointment,47,0,2,15.28
2026-09-20T23:30:00Z,Elena,42,16,2,conversation,callback,47,2,1,78.72
2026-09-20T20:30:00Z,Fabio,31,18,6,voicemail,none,29,1,0,24.94
2026-09-20T13:30:00Z,Gabriela,43,20,0,voicemail,callback,65,1,2,23.09
2026-09-20T07:30:00Z,Hector,17,5,2,appointment,none,47,2,1,97.12
2026-09-20T23:30:00Z,Isabel,24,3,8,voicemail,callback,65,1,1,32.43
2026-09-20T21:30:00Z,Jorge,15,10,2,appointment,callback,29,1,0,32.52
2026-09-20T00:30:00Z,Karen,27,15,4,voicemail,callback,47,1,0,51.02
2026-09-20T16:30:00Z,Luis,42,21,4,no_answer,none,65,3,1,29.82
2026-09-20T03:30:00Z,Maria,18,10,0,callback,appointment,120,3,0,66.18
2026-09-20T01:30:00Z,Nora,14,3,10,callback,none,89,2,0,75.18
2026-09-20T09:30:00Z,Oscar,45,23,4,no_answer,none,0,1,1,31.31
2026-09-20T08:30:00Z,PBG Billing,50,3,0,appointment,callback,65,2,2,100.73
2026-09-21T00:30:00Z,Ana,27,18,6,callback,appointment,29,3,2,77.96
2026-09-21T13:30:00Z,Carlos,15,3,0,voicemail,appointment,120,0,1,27.34
2026-09-21T10:30:00Z,Diego,39,14,0,voicemail,none,120,3,1,81.91
2026-09-21T02:30:00Z,Elena,24,3,10,conversation,appointment,89,1,1,116.38
2026-09-21T09:30:00Z,Fabio,31,9,0,voicemail,none,47,0,2,59.49
2026-09-21T19:30:00Z,Gabriela,23,10,4,voicemail,appointment,0,1,1,6.52
2026-09-21T01:30:00Z,Hector,13,12,0,voicemail,none,120,1,1,53.96
2026-09-21T05:30:00Z,Isabel,32,6,0,callback,callback,29,3,0,37.42
2026-09-21T00:30:00Z,Jorge,36,14,2,voicemail,none,0,0,1,9.69
2026-09-21T09:30:00Z,Karen,38,6,6,callback,callback,47,3,0,5.91
2026-09-21T10:30:00Z,Luis,42,9,2,appointment,callback,29,2,2,107.64
2026-09-21T01:30:00Z,Maria,13,13,4,callback,appointment,65,3,0,55.69
2026-09-21T11:30:00Z,Nora,15,7,0,no_answer,appointment,47,2,1,114.92
2026-09-21T00:30:00Z,Oscar,51,4,2,conversation,callback,47,0,0,99.12
2026-09-21T13:30:00Z,PBG Billing,18,18,8,voicemail,callback,47,3,0,111.37
2026-09-22T19:30:00Z,Ana,23,3,10,conversation,appointment,29,1,1,103.35
2026-09-22T06:30:00Z,Carlos,41,14,10,appointment,none,89,3,0,29.68
2026-09-22T10:30:00Z,Diego,16,13,0,voicemail,appointment,89,1,1,106.02
2026-09-22T13:30:00Z,Elena,16,7,6,no_answer,none,0,3,2,116.65
2026-09-22T21:30:00Z,Fabio,23,10,0,voicemail,callback,89,1,2,64.63
2026-09-22T18:30:00Z,Gabriela,54,6,10,conversation,callback,47,2,1,30.49
2026-09-22T07:30:00Z,Hector,28,9,4,callback,none,29,1,1,106.1
2026-09-22T07:30:00Z,Isabel,49,9,2,no_answer,callback,47,1,2,97.01
2026-09-22T07:30:00Z,Jorge,53,17,0,no_answer,none,65,3,1,4.84
2026-09-22T18:30:00Z,Karen,30,10,0,no_answer,none,89,1,0,44.67
2026-09-22T03:30:00Z,Luis,23,17,6,conversation,appointment,0,2,0,4.49
2026-09-22T19:30:00Z,Maria,33,7,0,callback,callback,0,1,0,98.26
2026-09-22T02:30:00Z,Nora,38,24,2,callback,appointment,47,1,0,95.43
2026-09-22T21:30:00Z,Oscar,47,18,0,voicemail,none,65,1,2,64.08
2026-09-22T21:30:00Z,PBG Billing,53,8,4,conversation,callback,47,2,1,114.38
2026-09-23T11:30:00Z,Ana,31,21,2,voicemail,callback,0,1,1,87.36
2026-09-23T02:30:00Z,Carlos,25,3,4,callback,callback,0,3,2,105.94
2026-09-23T04:30:00Z,Diego,41,8,0,no_answer,none,89,3,0,68.74
2026-09-23T05:30:00Z,Elena,35,19,0,callback,callback,47,1,0,13.06
2026-09-23T10:30:00Z,Fabio,43,9,2,callback,none,65,0,2,111.14
2026-09-23T20:30:00Z,Gabriela,36,5,8,appointment,appointment,29,1,2,48.54
2026-09-23T12:30:00Z,Hector,24,18,0,appointment,none,0,1,1,43.1
2026-09-23T21:30:00Z,Isabel,21,10,8,callback,none,89,0,2,100.58
2026-09-23T09:30:00Z,Jorge,19,15,6,voicemail,appointment,120,3,1,69.91
2026-09-23T14:30:00Z,Karen,39,15,8,conversation,callback,89,1,0,0.42
2026-09-23T05:30:00Z,Luis,43,17,0,voicemail,appointment,65,3,1,12.85
2026-09-23T16:30:00Z,Maria,20,14,4,conversation,none,65,0,0,76.37
2026-09-23T02:30:00Z,Nora,17,17,8,conversation,appointment,89,0,2,107.38
2026-09-23T22:30:00Z,Oscar,53,7,0,no_answer,appointment,120,0,0,15.79
2026-09-23T07:30:00Z,PBG Billing,43,12,10,callback,appointment,120,0,1,73.25
2026-09-24T04:30:00Z,Ana,28,8,2,appointment,callback,65,2,2,115.72
2026-09-24T07:30:00Z,Carlos,42,9,6,conversation,appointment,89,2,1,4.42
2026-09-24T12:30:00Z,Diego,23,15,0,conversation,appointment,47,1,1,13.81
2026-09-24T16:30:00Z,Elena,45,4,8,conversation,callback,89,0,1,119.15
2026-09-24T11:30:00Z,Fabio,52,15,8,conversation,callback,65,1,1,39.7
2026-09-24T01:30:00Z,Gabriela,17,10,0,callback,appointment,120,2,2,30.44
2026-09-24T23:30:00Z,Hector,52,21,8,conversation,appointment,0,0,0,17.92
2026-09-24T01:30:00Z,Isabel,51,23,4,voicemail,appointment,47,1,1,27.27
2026-09-24T11:30:00Z,Jorge,53,4,0,no_answer,none,89,2,0,62.77
2026-09-24T04:30:00Z,Karen,46,10,4,appointment,callback,89,1,1,74.87
2026-09-24T04:30:00Z,Luis,42,8,0,no_answer,none,120,3,0,7.64
2026-09-24T20:30:00Z,Maria,21,11,4,conversation,none,0,2,2,77.47
2026-09-24T00:30:00Z,Nora,40,22,6,voicemail,none,29,0,0,63.78
2026-09-24T00:30:00Z,Oscar,37,8,0,callback,none,0,1,0,49.58
2026-09-24T13:30:00Z,PBG Billing,45,22,8,appointment,appointment,120,1,2,37.13
2026-09-25T00:30:00Z,Ana,31,23,0,voicemail,appointment,89,3,1,89.42
2026-09-25T03:30:00Z,Carlos,41,5,8,voicemail,none,29,2,0,77.28
2026-09-25T08:30:00Z,Diego,19,13,8,conversation,appointment,0,3,2,94.61
2026-09-25T00:30:00Z,Elena,45,11,2,callback,none,89,1,1,108.56
2026-09-25T10:30:00Z,Fabio,24,8,8,conversation,none,65,1,1,108.91
2026-09-25T16:30:00Z,Gabriela,52,25,8,appointment,callback,65,0,0,52.47
2026-09-25T18:30:00Z,Hector,26,21,2,callback,callback,89,0,2,109.29
2026-09-25T05:30:00Z,Isabel,21,4,0,no_answer,none,89,2,0,84.09
2026-09-25T23:30:00Z,Jorge,13,3,0,no_answer,appointment,0,0,0,102.78
2026-09-25T22:30:00Z,Karen,35,9,10,appointment,appointment,0,3,0,29.59
2026-09-25T20:30:00Z,Luis,25,6,0,no_answer,appointment,0,2,1,11.99
2026-09-25T08:30:00Z,Maria,18,9,2,conversation,callback,65,0,1,30.8
2026-09-25T16:30:00Z,Nora,30,4,8,conversation,callback,89,3,1,74.19
2026-09-25T11:30:00Z,Oscar,13,9,0,voicemail,appointment,0,3,2,5.77
2026-09-25T05:30:00Z,PBG Billing,48,9,8,no_answer,appointment,47,3,0,62.83
2026-09-26T15:30:00Z,Ana,30,4,0,conversation,callback,0,1,1,71.11
2026-09-26T22:30:00Z,Carlos,44,11,6,callback,callback,29,1,1,19.89
2026-09-26T10:30:00Z,Diego,52,5,4,appointment,none,120,2,0,48.15
2026-09-26T09:30:00Z,Elena,37,5,4,no_answer,callback,29,2,1,108.15
2026-09-26T17:30:00Z,Fabio,44,8,4,callback,callback,29,0,1,69.79
2026-09-26T23:30:00Z,Gabriela,45,7,10,voicemail,appointment,89,2,0,55.58
2026-09-26T20:30:00Z,Hector,28,21,0,callback,callback,65,1,2,22.99
2026-09-26T04:30:00Z,Isabel,31,25,10,appointment,none,120,1,2,39.19
2026-09-26T08:30:00Z,Jorge,45,14,0,callback,callback,29,0,0,115.49
2026-09-26T23:30:00Z,Karen,18,9,4,callback,none,47,2,1,32.86
2026-09-26T01:30:00Z,Luis,18,6,2,callback,callback,65,0,1,102.52
2026-09-26T14:30:00Z,Maria,39,25,0,appointment,appointment,47,0,0,30.87
2026-09-26T18:30:00Z,Nora,37,3,8,callback,callback,120,3,0,80.15
2026-09-26T05:30:00Z,Oscar,53,23,8,appointment,none,120,0,1,51.9
2026-09-26T12:30:00Z,PBG Billing,28,23,8,no_answer,callback,29,1,1,101.93
2026-09-27T21:30:00Z,Ana,42,17,0,appointment,callback,89,1,2,39.37
2026-09-27T08:30:00Z,Carlos,12,9,10,voicemail,none,0,1,0,85.95
2026-09-27T17:30:00Z,Diego,24,19,2,no_answer,appointment,65,1,2,57.09
2026-09-27T13:30:00Z,Elena,13,13,10,conversation,appointment,47,3,0,118.83
2026-09-27T11:30:00Z,Fabio,23,15,6,no_answer,appointment,89,0,1,32.92
2026-09-27T20:30:00Z,Gabriela,37,4,0,no_answer,callback,65,2,2,31.82
2026-09-27T12:30:00Z,Hector,26,12,8,voicemail,appointment,29,3,0,19.74
2026-09-27T17:30:00Z,Isabel,16,15,10,callback,callback,120,1,0,42.38
2026-09-27T04:30:00Z,Jorge,52,16,4,conversation,appointment,120,3,1,94.03
2026-09-27T13:30:00Z,Karen,26,11,8,voicemail,appointment,47,1,1,0.32
2026-09-27T15:30:00Z,Luis,29,14,0,conversation,callback,65,3,2,76.48
2026-09-27T02:30:00Z,Maria,54,14,0,conversation,callback,0,2,0,63.68
2026-09-27T06:30:00Z,Nora,34,23,6,no_answer,appointment,0,0,2,35.16
2026-09-27T14:30:00Z,Oscar,50,6,6,callback,none,29,2,0,25.02
2026-09-27T02:30:00Z,PBG Billing,37,20,0,appointment,appointment,89,2,0,59.34
2026-09-28T17:30:00Z,Ana,25,19,0,voicemail,appointment,0,0,1,50.28
2026-09-28T14:30:00Z,Carlos,20,18,4,appointment,none,65,1,2,58.96
2026-09-28T05:30:00Z,Diego,43,8,6,appointment,appointment,0,2,1,83.51
2026-09-28T13:30:00Z,Elena,43,24,2,voicemail,callback,65,0,0,76.44
2026-09-28T21:30:00Z,Fabio,52,23,0,no_answer,appointment,0,2,0,61.28
2026-09-28T20:30:00Z,Gabriela,43,7,0,callback,appointment,65,1,1,11.34
2026-09-28T06:30:00Z,Hector,54,14,2,voicemail,appointment,89,2,1,41.03
2026-09-28T15:30:00Z,Isabel,28,20,0,conversation,callback,47,3,1,60.45
2026-09-28T03:30:00Z,Jorge,29,19,2,callback,appointment,65,2,0,38.05
2026-09-28T23:30:00Z,Karen,31,7,6,no_answer,none,65,3,2,68.89
2026-09-28T15:30:00Z,Luis,37,12,0,no_answer,none,29,0,2,109.18
2026-09-28T22:30:00Z,Maria,51,15,6,callback,appointment,120,0,0,4.74
2026-09-28T05:30:00Z,Nora,52,17,8,callback,none,120,0,1,92.94
2026-09-28T22:30:00Z,Oscar,53,3,2,callback,callback,89,2,1,22.17
2026-09-28T18:30:00Z,PBG Billing,14,8,0,voicemail,appointment,120,0,1,68.1
