conversation_id,agent,campaign,carrier_status,disposition,started_at,ended_at,duration_seconds
C00204,Carla,Google-Ads,answered,callback_scheduled,2026-09-01T18:40:00,2026-09-01T18:42:05,125
C00373,Bruno,Landing-Web,answered,sale_closed,2026-08-20T11:59:00,2026-08-20T12:00:26,86
C00425,Ana,Cold-Outbound,answered,sale_closed,2026-08-30T16:08:00,2026-08-30T16:12:45,285
C00038,Ana,Referidos,voicemail,voicemail,2026-09-04T16:18:00,2026-09-04T16:18:05,5
C00599,Carla,Meta-Leads,no-answer,,2026-09-08T18:52:00,2026-09-08T18:52:12,12
C00210,Elena,Cold-Outbound,answered,,2026-09-14T15:21:00,2026-09-14T15:22:30,90
C00470,Bruno,Referidos,answered,voicemail,2026-09-12T17:29:00,2026-09-12T17:30:18,78
C00367,Ana,Google-Ads,no-answer,no_disposition,2026-08-30T11:00:00,2026-08-30T11:00:31,31
C00507,Diego,Landing-Web,answered,sale_closed,2026-08-13T10:28:00,2026-08-13T10:32:17,257
C00208,Elena,Cold-Outbound,answered,callback_scheduled,2026-08-01T15:17:00,2026-08-01T15:22:36,336
C00378,Ana,Meta-Leads,answered,,2026-09-04T14:58:00,2026-09-04T14:59:04,64
C00008,Bruno,Landing-Web,answered,voicemail,2026-09-14T12:25:00,2026-09-14T12:25:33,33
C00197,Diego,Google-Ads,answered,sale_closed,2026-08-07T10:45:00,2026-08-07T10:48:13,193
C00278,Diego,Google-Ads,answered,,2026-08-25T13:22:00,2026-08-25T13:23:06,66
C00449,Falco,Referidos,answered,,2026-08-27T11:59:00,2026-08-27T12:00:02,62
C00176,Carla,Google-Ads,answered,sale_closed,2026-08-27T17:31:00,2026-08-27T17:34:36,216
C00310,Elena,Meta-Leads,answered,callback_scheduled,2026-08-31T14:21:00,2026-08-31T14:25:52,292
C00492,Bruno,Landing-Web,answered,not_interested,2026-08-29T13:14:00,2026-08-29T13:19:21,321
C00481,Ana,Landing-Web,answered,voicemail,2026-09-02T11:03:00,2026-09-02T11:04:06,66
C00264,Ana,Cold-Outbound,answered,,2026-08-27T09:36:00,2026-08-27T09:36:43,43
C00526,Falco,Landing-Web,no-answer,no_disposition,2026-09-06T18:06:00,2026-09-06T18:06:24,24
C00490,Falco,Meta-Leads,answered,voicemail,2026-08-04T15:50:00,2026-08-04T15:50:10,10
C00033,Bruno,Google-Ads,no-answer,,2026-09-11T09:41:00,2026-09-11T09:41:06,6
C00205,Diego,Meta-Leads,answered,no_disposition,2026-08-12T09:36:00,2026-08-12T09:37:04,64
C00336,Elena,Referidos,answered,voicemail,2026-09-13T16:49:00,2026-09-13T16:49:15,15
C00319,Ana,Referidos,answered,voicemail,2026-08-21T17:07:00,2026-08-21T17:08:26,86
C00240,Diego,Meta-Leads,busy,,2026-08-27T17:16:00,2026-08-27T17:16:37,37
C00014,Diego,Google-Ads,answered,,2026-09-06T13:12:00,2026-09-06T13:12:31,31
C00443,Ana,Referidos,voicemail,voicemail,2026-08-02T15:51:00,2026-08-02T15:51:27,27
C00406,Ana,Cold-Outbound,answered,not_interested,2026-08-19T12:27:00,2026-08-19T12:28:21,81
C00431,Elena,Referidos,failed,no_disposition,2026-08-04T17:47:00,2026-08-04T17:47:08,8
C00211,Ana,Landing-Web,answered,sale_closed,2026-09-06T10:03:00,2026-09-06T10:05:29,149
X00004,Diego,Meta-Leads,answered,,2026-08-13T09:00:00,2026-08-13T09:02:00,120
C00349,Falco,Google-Ads,failed,,2026-08-21T17:16:00,2026-08-21T17:16:16,16
C00574,Falco,Cold-Outbound,answered,appointment_set,2026-08-14T16:29:00,2026-08-14T16:33:55,295
C00281,Elena,Cold-Outbound,no-answer,,2026-09-11T10:13:00,2026-09-11T10:13:34,34
C00124,Diego,Cold-Outbound,failed,,2026-09-03T16:00:00,2026-09-03T16:00:13,13
C00325,Carla,Meta-Leads,failed,,2026-09-10T09:43:00,2026-09-10T09:43:21,21
C00193,Falco,Referidos,answered,sale_closed,2026-08-05T18:07:00,2026-08-05T18:12:03,303
C00133,Elena,Referidos,answered,not_interested,2026-09-09T11:01:00,2026-09-09T11:03:16,136
C00403,Ana,Google-Ads,answered,no_disposition,2026-08-05T10:12:00,2026-08-05T10:12:42,42
C00077,Bruno,Google-Ads,no-answer,,2026-08-03T14:11:00,2026-08-03T14:11:20,20
C00343,Diego,Landing-Web,answered,callback_scheduled,2026-09-06T17:36:00,2026-09-06T17:40:07,247
C00183,Elena,Meta-Leads,failed,,2026-09-13T14:04:00,2026-09-13T14:04:13,13
C00047,Diego,Landing-Web,busy,no_disposition,2026-09-08T12:51:00,2026-09-08T12:51:33,33
C00101,Carla,Referidos,failed,,2026-08-25T15:58:00,2026-08-25T15:58:45,45
C00191,Elena,Referidos,answered,appointment_set,2026-09-02T10:37:00,2026-09-02T10:40:27,207
C00215,Carla,Cold-Outbound,voicemail,voicemail,2026-08-10T09:35:00,2026-08-10T09:35:36,36
C00053,Falco,Referidos,failed,no_disposition,2026-09-14T15:52:00,2026-09-14T15:52:33,33
C00243,Falco,Cold-Outbound,failed,,2026-09-02T09:20:00,2026-09-02T09:20:35,35
C00277,Bruno,Landing-Web,answered,wrong_number,2026-08-05T17:37:00,2026-08-05T17:42:07,307
C00404,Ana,Google-Ads,answered,not_interested,2026-09-12T15:39:00,2026-09-12T15:43:24,264
C00388,Elena,Meta-Leads,answered,no_disposition,2026-09-12T11:57:00,2026-09-12T11:57:28,28
C00374,Carla,Cold-Outbound,no-answer,,2026-09-03T14:17:00,2026-09-03T14:17:38,38
C00355,Diego,Referidos,answered,appointment_set,2026-08-29T13:40:00,2026-08-29T13:43:08,188
C00147,Elena,Cold-Outbound,answered,appointment_set,2026-09-03T15:10:00,2026-09-03T15:15:37,337
C00079,Diego,Google-Ads,voicemail,voicemail,2026-09-12T12:37:00,2026-09-12T12:37:26,26
C00220,Carla,Landing-Web,answered,callback_scheduled,2026-08-13T11:13:00,2026-08-13T11:14:36,96
C00525,Falco,Google-Ads,answered,no_disposition,2026-08-29T14:05:00,2026-08-29T14:05:26,26
C00580,Ana,Meta-Leads,failed,,2026-08-29T10:05:00,2026-08-29T10:05:38,38
X00002,Bruno,Referidos,answered,,2026-08-11T09:00:00,2026-08-11T09:02:00,120
C00119,Diego,Landing-Web,answered,callback_scheduled,2026-09-15T16:16:00,2026-09-15T16:21:02,302
C00138,Elena,Referidos,failed,,2026-08-15T14:04:00,2026-08-15T14:04:36,36
C00268,Falco,Meta-Leads,answered,voicemail,2026-08-07T15:36:00,2026-08-07T15:36:31,31
C00129,Ana,Google-Ads,answered,sale_closed,2026-08-11T16:30:00,2026-08-11T16:35:08,308
C00465,Diego,Landing-Web,answered,callback_scheduled,2026-08-07T11:52:00,2026-08-07T11:55:09,189
C00453,Ana,Referidos,answered,voicemail,2026-08-24T16:09:00,2026-08-24T16:09:23,23
C00316,Carla,Referidos,answered,wrong_number,2026-08-02T16:01:00,2026-08-02T16:07:58,418
C00157,Falco,Google-Ads,answered,appointment_set,2026-08-29T15:19:00,2026-08-29T15:21:50,170
C00181,Diego,Cold-Outbound,answered,wrong_number,2026-08-01T12:39:00,2026-08-01T12:40:59,119
C00477,Falco,Landing-Web,answered,wrong_number,2026-08-07T14:44:00,2026-08-07T14:49:50,350
C00328,Carla,Google-Ads,voicemail,voicemail,2026-08-04T15:04:00,2026-08-04T15:04:36,36
C00494,Carla,Landing-Web,answered,callback_scheduled,2026-08-17T17:49:00,2026-08-17T17:51:56,176
C00167,Diego,Referidos,no-answer,,2026-09-06T10:37:00,2026-09-06T10:37:18,18
C00261,Diego,Cold-Outbound,answered,callback_scheduled,2026-08-08T16:01:00,2026-08-08T16:03:30,150
C00539,Falco,Meta-Leads,busy,no_disposition,2026-08-01T10:01:00,2026-08-01T10:01:43,43
C00466,Falco,Landing-Web,answered,no_disposition,2026-08-26T17:16:00,2026-08-26T17:16:11,11
C00535,Carla,Cold-Outbound,answered,callback_scheduled,2026-08-12T16:04:00,2026-08-12T16:07:41,221
C00214,Bruno,Meta-Leads,answered,appointment_set,2026-08-13T15:50:00,2026-08-13T15:54:41,281
C00541,Ana,Cold-Outbound,failed,no_disposition,2026-09-14T11:05:00,2026-09-14T11:05:32,32
C00513,Bruno,Landing-Web,busy,no_disposition,2026-09-01T10:43:00,2026-09-01T10:43:20,20
C00051,Ana,Landing-Web,no-answer,,2026-08-15T11:32:00,2026-08-15T11:32:08,8
C00015,Elena,Landing-Web,answered,sale_closed,2026-08-21T13:27:00,2026-08-21T13:30:15,195
C00258,Falco,Meta-Leads,answered,appointment_set,2026-08-30T14:03:00,2026-08-30T14:04:14,74
C00148,Elena,Cold-Outbound,busy,no_disposition,2026-09-13T14:15:00,2026-09-13T14:15:05,5
C00179,Elena,Cold-Outbound,answered,callback_scheduled,2026-08-23T17:07:00,2026-08-23T17:10:04,184
C00327,Bruno,Cold-Outbound,answered,wrong_number,2026-08-21T09:15:00,2026-08-21T09:18:14,194
C00296,Diego,Landing-Web,no-answer,no_disposition,2026-08-10T18:56:00,2026-08-10T18:56:15,15
C00309,Carla,Cold-Outbound,answered,voicemail,2026-08-23T17:48:00,2026-08-23T17:48:53,53
C00389,Bruno,Referidos,answered,appointment_set,2026-09-12T11:08:00,2026-09-12T11:09:45,105
C00120,Falco,Referidos,no-answer,,2026-08-24T15:32:00,2026-08-24T15:32:33,33
C00001,Elena,Meta-Leads,answered,wrong_number,2026-09-15T18:18:00,2026-09-15T18:21:21,201
C00132,Elena,Landing-Web,answered,no_disposition,2026-08-13T15:11:00,2026-08-13T15:11:37,37
C00546,Diego,Referidos,answered,,2026-08-03T13:47:00,2026-08-03T13:48:07,67
C00169,Ana,Referidos,answered,wrong_number,2026-08-11T18:37:00,2026-08-11T18:40:32,212
C00469,Bruno,Referidos,failed,no_disposition,2026-09-09T10:38:00,2026-09-09T10:38:34,34
C00224,Elena,Google-Ads,answered,sale_closed,2026-09-01T11:24:00,2026-09-01T11:26:02,122
X00003,Falco,Meta-Leads,answered,,2026-08-12T09:00:00,2026-08-12T09:02:00,120
C00073,Falco,Google-Ads,answered,sale_closed,2026-08-20T16:31:00,2026-08-20T16:34:22,202
C00223,Ana,Meta-Leads,failed,,2026-09-08T14:25:00,2026-09-08T14:25:45,45
C00289,Ana,Landing-Web,failed,no_disposition,2026-09-10T09:31:00,2026-09-10T09:31:42,42
C00568,Diego,Meta-Leads,answered,wrong_number,2026-08-26T12:43:00,2026-08-26T12:46:51,231
C00093,Diego,Google-Ads,failed,no_disposition,2026-08-21T11:55:00,2026-08-21T11:55:28,28
C00370,Diego,Google-Ads,answered,voicemail,2026-09-03T14:06:00,2026-09-03T14:07:25,85
C00299,Diego,Referidos,answered,callback_scheduled,2026-09-07T18:49:00,2026-09-07T18:51:49,169
C00483,Bruno,Meta-Leads,answered,appointment_set,2026-08-18T16:30:00,2026-08-18T16:36:05,365
C00311,Diego,Landing-Web,answered,callback_scheduled,2026-08-18T17:22:00,2026-08-18T17:27:26,326
C00040,Bruno,Landing-Web,answered,voicemail,2026-09-11T13:36:00,2026-09-11T13:36:32,32
C00098,Carla,Cold-Outbound,answered,appointment_set,2026-08-29T09:38:00,2026-08-29T09:42:39,279
C00267,Bruno,Cold-Outbound,answered,appointment_set,2026-08-13T14:46:00,2026-08-13T14:50:59,299
C00517,Ana,Landing-Web,voicemail,voicemail,2026-08-07T11:51:00,2026-08-07T11:51:15,15
C00252,Carla,Cold-Outbound,answered,appointment_set,2026-09-06T16:48:00,2026-09-06T16:51:13,193
C00109,Carla,Google-Ads,no-answer,,2026-09-15T14:43:00,2026-09-15T14:43:23,23
C00573,Bruno,Meta-Leads,answered,no_disposition,2026-08-31T12:59:00,2026-08-31T13:00:10,70
C00533,Diego,Cold-Outbound,answered,appointment_set,2026-09-12T16:39:00,2026-09-12T16:43:29,269
C00542,Bruno,Landing-Web,busy,no_disposition,2026-09-02T14:25:00,2026-09-02T14:25:33,33
C00184,Carla,Google-Ads,answered,sale_closed,2026-08-16T14:12:00,2026-08-16T14:16:31,271
C00128,Diego,Landing-Web,answered,voicemail,2026-09-10T09:31:00,2026-09-10T09:32:19,79
C00523,Falco,Cold-Outbound,answered,callback_scheduled,2026-08-13T14:08:00,2026-08-13T14:13:35,335
C00592,Bruno,Landing-Web,failed,,2026-08-04T13:14:00,2026-08-04T13:14:43,43
C00482,Carla,Landing-Web,no-answer,,2026-08-25T13:01:00,2026-08-25T13:01:11,11
C00121,Carla,Referidos,answered,voicemail,2026-08-29T10:18:00,2026-08-29T10:19:17,77
C00035,Carla,Meta-Leads,no-answer,no_disposition,2026-09-08T10:57:00,2026-09-08T10:57:11,11
C00217,Elena,Landing-Web,answered,callback_scheduled,2026-08-21T15:37:00,2026-08-21T15:38:30,90
C00552,Elena,Landing-Web,voicemail,voicemail,2026-08-29T10:37:00,2026-08-29T10:37:08,8
C00326,Diego,Referidos,failed,,2026-08-13T15:09:00,2026-08-13T15:09:12,12
C00537,Ana,Meta-Leads,answered,wrong_number,2026-08-16T19:00:00,2026-08-16T19:04:42,282
C00090,Bruno,Landing-Web,answered,appointment_set,2026-09-12T15:50:00,2026-09-12T15:56:12,372
C00471,Diego,Google-Ads,answered,not_interested,2026-08-25T16:40:00,2026-08-25T16:43:44,224
C00433,Falco,Google-Ads,answered,sale_closed,2026-09-05T12:29:00,2026-09-05T12:32:59,239
C00117,Diego,Referidos,answered,voicemail,2026-08-12T17:28:00,2026-08-12T17:28:10,10
C00563,Carla,Meta-Leads,answered,sale_closed,2026-08-20T16:47:00,2026-08-20T16:50:16,196
C00418,Bruno,Meta-Leads,failed,no_disposition,2026-08-08T18:02:00,2026-08-08T18:02:39,39
C00301,Falco,Cold-Outbound,answered,no_disposition,2026-08-14T16:03:00,2026-08-14T16:04:24,84
C00013,Ana,Cold-Outbound,answered,not_interested,2026-08-17T16:45:00,2026-08-17T16:49:12,252
C00212,Elena,Google-Ads,answered,callback_scheduled,2026-08-10T10:48:00,2026-08-10T10:52:21,261
C00587,Ana,Cold-Outbound,answered,appointment_set,2026-08-02T09:14:00,2026-08-02T09:16:15,135
C00365,Ana,Google-Ads,answered,appointment_set,2026-08-20T14:30:00,2026-08-20T14:34:10,250
C00143,Falco,Google-Ads,no-answer,,2026-08-12T16:07:00,2026-08-12T16:07:30,30
C00512,Elena,Meta-Leads,voicemail,voicemail,2026-08-19T10:28:00,2026-08-19T10:28:17,17
C00291,Bruno,Cold-Outbound,answered,wrong_number,2026-09-02T17:42:00,2026-09-02T17:45:18,198
C00221,Ana,Referidos,answered,not_interested,2026-08-20T14:30:00,2026-08-20T14:33:26,206
C00529,Ana,Google-Ads,answered,,2026-08-28T11:13:00,2026-08-28T11:14:06,66
C00236,Bruno,Landing-Web,no-answer,,2026-09-07T18:56:00,2026-09-07T18:56:41,41
C00122,Falco,Meta-Leads,answered,appointment_set,2026-09-01T17:50:00,2026-09-01T17:54:40,280
X00013,Carla,Google-Ads,answered,,2026-08-05T09:00:00,2026-08-05T09:02:00,120
C00156,Diego,Meta-Leads,answered,callback_scheduled,2026-09-04T17:04:00,2026-09-04T17:07:18,198
C00579,Elena,Cold-Outbound,answered,sale_closed,2026-08-31T10:10:00,2026-08-31T10:13:28,208
C00584,Ana,Referidos,answered,no_disposition,2026-08-05T10:47:00,2026-08-05T10:47:48,48
C00576,Ana,Landing-Web,answered,no_disposition,2026-08-25T12:12:00,2026-08-25T12:13:09,69
C00399,Bruno,Landing-Web,answered,appointment_set,2026-08-22T12:04:00,2026-08-22T12:04:56,56
C00419,Elena,Meta-Leads,answered,appointment_set,2026-08-30T12:33:00,2026-08-30T12:35:11,131
C00273,Diego,Meta-Leads,voicemail,voicemail,2026-09-02T13:54:00,2026-09-02T13:54:29,29
C00012,Diego,Referidos,answered,not_interested,2026-08-07T13:14:00,2026-08-07T13:18:37,277
C00413,Carla,Google-Ads,answered,,2026-09-13T18:49:00,2026-09-13T18:49:49,49
C00549,Bruno,Referidos,failed,,2026-08-06T18:45:00,2026-08-06T18:45:32,32
C00241,Bruno,Google-Ads,answered,wrong_number,2026-08-20T17:38:00,2026-08-20T17:41:20,200
C00072,Carla,Meta-Leads,voicemail,voicemail,2026-09-10T12:14:00,2026-09-10T12:14:45,45
C00562,Elena,Referidos,answered,sale_closed,2026-08-03T09:30:00,2026-08-03T09:32:55,175
C00518,Falco,Cold-Outbound,no-answer,,2026-09-02T17:30:00,2026-09-02T17:30:28,28
C00135,Elena,Meta-Leads,answered,callback_scheduled,2026-08-21T14:26:00,2026-08-21T14:32:29,389
C00024,Carla,Google-Ads,answered,callback_scheduled,2026-08-20T17:39:00,2026-08-20T17:43:44,284
C00598,Ana,Google-Ads,answered,callback_scheduled,2026-08-25T18:39:00,2026-08-25T18:43:42,282
C00262,Ana,Cold-Outbound,answered,no_disposition,2026-09-12T13:14:00,2026-09-12T13:15:38,98
C00435,Falco,Google-Ads,answered,sale_closed,2026-08-13T16:48:00,2026-08-13T16:50:54,174
C00134,Ana,Google-Ads,answered,voicemail,2026-08-03T11:20:00,2026-08-03T11:20:14,14
C00276,Falco,Referidos,answered,voicemail,2026-09-01T18:46:00,2026-09-01T18:46:38,38
C00189,Bruno,Cold-Outbound,answered,not_interested,2026-08-07T13:13:00,2026-08-07T13:14:31,91
C00357,Diego,Google-Ads,busy,,2026-09-08T15:29:00,2026-09-08T15:29:38,38
C00171,Elena,Referidos,answered,not_interested,2026-08-16T10:15:00,2026-08-16T10:17:32,152
C00056,Bruno,Cold-Outbound,no-answer,no_disposition,2026-09-03T16:32:00,2026-09-03T16:32:45,45
C00096,Falco,Cold-Outbound,busy,no_disposition,2026-08-30T18:37:00,2026-08-30T18:37:45,45
C00025,Falco,Referidos,answered,wrong_number,2026-08-30T16:32:00,2026-08-30T16:35:29,209
C00285,Elena,Cold-Outbound,busy,,2026-09-04T18:20:00,2026-09-04T18:20:27,27
C00383,Ana,Google-Ads,answered,sale_closed,2026-08-31T10:55:00,2026-08-31T11:00:01,301
C00057,Diego,Google-Ads,answered,appointment_set,2026-08-31T14:56:00,2026-08-31T15:00:02,242
C00037,Elena,Meta-Leads,failed,,2026-08-07T14:08:00,2026-08-07T14:08:41,41
C00190,Falco,Referidos,answered,sale_closed,2026-09-15T16:18:00,2026-09-15T16:20:35,155
C00085,Elena,Landing-Web,no-answer,,2026-08-28T10:41:00,2026-08-28T10:41:32,32
C00588,Bruno,Landing-Web,answered,appointment_set,2026-08-26T16:18:00,2026-08-26T16:20:13,133
C00022,Carla,Referidos,answered,not_interested,2026-08-15T12:48:00,2026-08-15T12:50:53,173
C00455,Falco,Referidos,answered,callback_scheduled,2026-08-18T15:11:00,2026-08-18T15:15:32,272
C00084,Ana,Meta-Leads,answered,no_disposition,2026-08-18T18:59:00,2026-08-18T19:00:21,81
C00016,Carla,Google-Ads,answered,wrong_number,2026-08-16T15:18:00,2026-08-16T15:22:03,243
C00104,Bruno,Meta-Leads,no-answer,no_disposition,2026-08-12T11:49:00,2026-08-12T11:49:28,28
C00231,Diego,Referidos,answered,not_interested,2026-08-06T18:17:00,2026-08-06T18:20:32,212
C00175,Carla,Cold-Outbound,answered,sale_closed,2026-09-11T11:19:00,2026-09-11T11:25:12,372
C00362,Bruno,Cold-Outbound,answered,callback_scheduled,2026-09-05T15:29:00,2026-09-05T15:30:48,108
C00136,Diego,Meta-Leads,answered,sale_closed,2026-09-03T15:29:00,2026-09-03T15:34:47,347
C00502,Bruno,Referidos,answered,appointment_set,2026-08-16T17:55:00,2026-08-16T18:00:38,338
C00069,Carla,Landing-Web,answered,voicemail,2026-08-20T16:14:00,2026-08-20T16:14:17,17
C00232,Elena,Meta-Leads,failed,no_disposition,2026-09-05T10:02:00,2026-09-05T10:02:39,39
X00000,Elena,Cold-Outbound,answered,,2026-08-27T09:00:00,2026-08-27T09:02:00,120
C00298,Elena,Landing-Web,answered,,2026-08-01T16:21:00,2026-08-01T16:22:10,70
C00006,Carla,Meta-Leads,failed,no_disposition,2027-01-18T00:00:00,2027-01-18T00:05:00,36
C00283,Ana,Cold-Outbound,answered,,2026-09-13T11:01:00,2026-09-13T11:01:58,58
C00427,Bruno,Google-Ads,voicemail,voicemail,2026-08-02T17:11:00,2026-08-02T17:11:41,41
C00080,Bruno,Meta-Leads,answered,sale_closed,2026-09-06T12:30:00,2026-09-06T12:34:36,276
C00039,Diego,Google-Ads,answered,voicemail,2026-08-28T15:10:00,2026-08-28T15:10:32,32
C00256,Ana,Google-Ads,answered,callback_scheduled,2026-08-27T16:34:00,2026-08-27T16:39:30,330
C00463,Diego,Cold-Outbound,answered,callback_scheduled,2026-08-14T17:46:00,2026-08-14T17:47:49,109
C00458,Ana,Google-Ads,answered,,2026-09-12T17:45:00,2026-09-12T17:45:28,28
C00511,Diego,Landing-Web,answered,appointment_set,2026-09-11T14:55:00,2026-09-11T14:59:27,267
C00442,Falco,Cold-Outbound,no-answer,,2026-08-22T10:55:00,2026-08-22T10:55:40,40
C00168,Falco,Landing-Web,answered,callback_scheduled,2026-08-31T13:37:00,2026-08-31T13:39:08,128
C00401,Ana,Referidos,answered,callback_scheduled,2026-08-04T15:31:00,2026-08-04T15:32:19,79
C00095,Carla,Meta-Leads,failed,,2026-08-12T11:36:00,2026-08-12T11:36:16,16
C00440,Elena,Meta-Leads,answered,not_interested,2026-09-04T14:08:00,2026-09-04T14:09:49,109
C00448,Ana,Meta-Leads,answered,voicemail,2026-08-14T14:10:00,2026-08-14T14:11:20,80
C00393,Elena,Meta-Leads,answered,voicemail,2026-09-06T09:52:00,2026-09-06T09:52:23,23
C00571,Ana,Referidos,answered,callback_scheduled,2026-08-03T18:19:00,2026-08-03T18:21:59,179
C00162,Ana,Google-Ads,busy,,2026-09-12T09:49:00,2026-09-12T09:49:45,45
C00068,Falco,Google-Ads,voicemail,voicemail,2026-08-30T13:54:00,2026-08-30T13:54:33,33
C00187,Diego,Meta-Leads,answered,callback_scheduled,2026-08-06T18:38:00,2026-08-06T18:40:39,159
C00476,Diego,Landing-Web,answered,callback_scheduled,2026-09-12T14:47:00,2026-09-12T14:50:39,219
C00018,Carla,Meta-Leads,answered,wrong_number,2026-09-10T13:28:00,2026-09-10T13:32:28,268
C00407,Falco,Cold-Outbound,answered,wrong_number,2026-08-13T11:23:00,2026-08-13T11:24:34,94
C00137,Carla,Landing-Web,voicemail,voicemail,2026-08-23T13:30:00,2026-08-23T13:30:22,22
C00248,Elena,Referidos,answered,not_interested,2026-08-11T18:31:00,2026-08-11T18:32:56,116
C00177,Falco,Landing-Web,answered,callback_scheduled,2026-09-08T10:27:00,2026-09-08T10:30:15,195
C00468,Falco,Google-Ads,voicemail,voicemail,2026-08-05T17:30:00,2026-08-05T17:30:43,43
C00353,Elena,Meta-Leads,voicemail,voicemail,2026-08-09T14:16:00,2026-08-09T14:16:14,14
C00230,Bruno,Referidos,busy,no_disposition,2026-08-06T17:04:00,2026-08-06T17:04:35,35
C00021,Bruno,Google-Ads,no-answer,,2026-08-25T09:39:00,2026-08-25T09:39:34,34
C00116,Bruno,Google-Ads,answered,wrong_number,2026-08-13T09:42:00,2026-08-13T09:45:19,199
C00566,Elena,Cold-Outbound,answered,voicemail,2026-08-12T14:29:00,2026-08-12T14:29:35,35
C00041,Carla,Referidos,answered,sale_closed,2026-08-16T10:28:00,2026-08-16T10:33:11,311
C00304,Ana,Meta-Leads,answered,sale_closed,2026-08-31T16:25:00,2026-08-31T16:28:49,229
C00499,Diego,Cold-Outbound,answered,,2026-08-31T13:34:00,2026-08-31T13:35:00,60
C00528,Elena,Landing-Web,answered,no_disposition,2026-08-13T15:09:00,2026-08-13T15:09:31,31
C00279,Diego,Cold-Outbound,no-answer,no_disposition,2026-08-03T14:03:00,2026-08-03T14:03:37,37
C00315,Elena,Landing-Web,answered,appointment_set,2027-01-25T00:00:00,2027-01-25T00:05:00,-163
C00019,Carla,Landing-Web,no-answer,,2026-08-27T11:38:00,2026-08-27T11:38:16,16
C00544,Elena,Referidos,failed,,2026-08-25T12:01:00,2026-08-25T12:01:12,12
C00561,Bruno,Cold-Outbound,answered,appointment_set,2026-08-22T15:24:00,2026-08-22T15:25:55,115
C00269,Falco,Meta-Leads,busy,no_disposition,2026-08-18T15:47:00,2026-08-18T15:47:13,13
C00317,Bruno,Referidos,answered,callback_scheduled,2026-08-15T14:21:00,2026-08-15T14:25:29,269
C00530,Elena,Landing-Web,answered,no_disposition,2026-08-26T13:30:00,2026-08-26T13:31:40,100
C00398,Diego,Google-Ads,answered,wrong_number,2026-08-19T16:39:00,2026-08-19T16:43:13,253
C00473,Carla,Cold-Outbound,answered,not_interested,2026-08-07T16:18:00,2026-08-07T16:21:00,180
C00446,Carla,Landing-Web,failed,no_disposition,2026-09-08T17:43:00,2026-09-08T17:43:30,30
C00141,Bruno,Google-Ads,answered,appointment_set,2026-09-12T18:03:00,2026-09-12T18:05:12,132
C00341,Ana,Referidos,answered,sale_closed,2026-08-23T16:24:00,2026-08-23T16:26:47,167
C00034,Elena,Meta-Leads,answered,,2026-08-16T11:09:00,2026-08-16T11:09:34,34
C00055,Ana,Meta-Leads,answered,voicemail,2026-09-13T18:49:00,2026-09-13T18:49:41,41
C00213,Elena,Google-Ads,answered,appointment_set,2026-09-13T14:06:00,2026-09-13T14:08:54,174
C00219,Falco,Referidos,answered,not_interested,2026-09-06T18:37:00,2026-09-06T18:39:20,140
C00350,Bruno,Landing-Web,no-answer,,2026-08-30T18:34:00,2026-08-30T18:34:20,20
C00405,Falco,Referidos,voicemail,voicemail,2026-08-26T09:56:00,2026-08-26T09:56:39,39
C00314,Elena,Cold-Outbound,answered,not_interested,2026-08-25T12:20:00,2026-08-25T12:22:26,146
X00012,Ana,Referidos,answered,,2026-08-25T09:00:00,2026-08-25T09:02:00,120
C00288,Bruno,Cold-Outbound,answered,not_interested,2026-08-18T15:08:00,2026-08-18T15:12:24,264
C00320,Elena,Cold-Outbound,answered,wrong_number,2026-09-10T18:37:00,2026-09-10T18:42:34,334
C00209,Diego,Cold-Outbound,voicemail,voicemail,2026-08-04T11:25:00,2026-08-04T11:25:19,19
C00169,Ana,Referidos,answered,wrong_number,2026-08-11T18:37:00,2026-08-11T18:40:32,212
C00585,Elena,Google-Ads,answered,not_interested,2026-08-30T09:27:00,2026-08-30T09:32:19,319
C00505,Diego,Landing-Web,answered,sale_closed,2026-08-02T09:05:00,2026-08-02T09:07:22,142
C00180,Falco,Cold-Outbound,no-answer,no_disposition,2026-08-26T09:29:00,2026-08-26T09:29:42,42
C00282,Falco,Referidos,answered,callback_scheduled,2026-08-03T10:29:00,2026-08-03T10:31:41,161
C00251,Elena,Referidos,no-answer,,2026-08-27T09:55:00,2026-08-27T09:55:17,17
C00071,Falco,Google-Ads,busy,,2026-09-08T17:28:00,2026-09-08T17:28:43,43
C00330,Falco,Cold-Outbound,answered,not_interested,2026-08-23T11:17:00,2026-08-23T11:19:15,135
C00150,Falco,Referidos,busy,,2026-08-08T12:02:00,2026-08-08T12:02:19,19
C00023,Carla,Google-Ads,answered,not_interested,2026-08-07T16:24:00,2026-08-07T16:27:59,239
C00420,Diego,Google-Ads,no-answer,,2026-08-07T09:53:00,2026-08-07T09:53:06,6
C00127,Elena,Referidos,answered,callback_scheduled,2026-08-06T13:16:00,2026-08-06T13:21:40,340
C00504,Bruno,Meta-Leads,failed,no_disposition,2026-08-12T10:20:00,2026-08-12T10:20:11,11
C00412,Elena,Landing-Web,busy,no_disposition,2026-08-15T10:04:00,2026-08-15T10:04:30,30
C00087,Carla,Cold-Outbound,answered,not_interested,2026-08-21T13:21:00,2026-08-21T13:22:22,82
C00550,Ana,Meta-Leads,answered,appointment_set,2026-08-13T11:48:00,2026-08-13T11:50:01,121
C00485,Carla,Referidos,answered,not_interested,2026-08-06T13:01:00,2026-08-06T13:03:20,140
C00259,Ana,Google-Ads,answered,wrong_number,2026-08-09T11:54:00,2026-08-09T11:58:19,259
C00290,Bruno,Google-Ads,answered,no_disposition,2026-09-05T13:26:00,2026-09-05T13:27:12,72
C00043,Diego,Google-Ads,answered,callback_scheduled,2026-08-06T14:01:00,2026-08-06T14:05:02,242
C00346,Diego,Google-Ads,no-answer,,2026-08-22T12:34:00,2026-08-22T12:34:39,39
C00131,Diego,Landing-Web,answered,appointment_set,2026-08-30T13:06:00,2026-08-30T13:09:43,223
C00044,Bruno,Google-Ads,answered,sale_closed,2026-08-13T14:23:00,2026-08-13T14:28:08,308
C00082,Falco,Landing-Web,voicemail,voicemail,2026-08-20T16:49:00,2026-08-20T16:49:35,35
C00105,Falco,Meta-Leads,busy,,2026-08-29T13:51:00,2026-08-29T13:51:39,39
C00065,Falco,Cold-Outbound,voicemail,voicemail,2026-09-04T09:36:00,2026-09-04T09:36:19,19
C00020,Diego,Google-Ads,busy,,2026-08-12T14:40:00,2026-08-12T14:40:22,22
C00324,Bruno,Cold-Outbound,voicemail,voicemail,2026-08-07T17:53:00,2026-08-07T17:53:29,29
C00557,Bruno,Google-Ads,answered,wrong_number,2026-08-04T11:10:00,2026-08-04T11:14:48,288
C00522,Bruno,Cold-Outbound,failed,no_disposition,2026-08-29T12:30:00,2026-08-29T12:30:27,27
C00391,Diego,Google-Ads,busy,no_disposition,2026-08-10T17:59:00,2026-08-10T17:33:00,-38
C00002,Ana,Landing-Web,answered,,2026-08-19T15:10:00,2026-08-19T15:10:49,49
C00538,Diego,Cold-Outbound,answered,callback_scheduled,2026-08-06T17:32:00,2026-08-06T17:35:05,185
C00312,Ana,Referidos,answered,sale_closed,2026-08-24T13:25:00,2026-08-24T13:28:59,239
C00258,Falco,Meta-Leads,answered,appointment_set,2026-08-30T14:03:00,2026-08-30T14:04:14,74
C00106,Bruno,Referidos,answered,not_interested,2026-08-31T12:18:00,2026-08-31T12:23:44,344
C00451,Falco,Cold-Outbound,answered,sale_closed,2026-08-08T13:54:00,2026-08-08T13:59:06,306
C00309,Carla,Cold-Outbound,answered,voicemail,2026-08-23T17:48:00,2026-08-23T17:48:53,53
C00521,Falco,Landing-Web,answered,sale_closed,2026-08-05T10:26:00,2026-08-05T10:30:06,246
C00313,Elena,Meta-Leads,failed,no_disposition,2026-09-06T12:54:00,2026-09-06T12:54:20,20
C00331,Elena,Referidos,answered,wrong_number,2026-08-21T16:59:00,2026-08-21T17:04:41,341
C00271,Ana,Landing-Web,answered,appointment_set,2026-08-07T09:25:00,2026-08-07T09:26:17,77
C00500,Diego,Cold-Outbound,answered,,2026-08-06T09:41:00,2026-08-06T09:41:50,50
C00284,Carla,Referidos,answered,not_interested,2026-09-08T10:28:00,2026-09-08T10:32:54,294
C00396,Elena,Referidos,no-answer,,2026-08-04T13:30:00,2026-08-04T13:30:15,15
C00010,Bruno,Google-Ads,answered,callback_scheduled,2026-08-03T14:38:00,2026-08-03T14:41:43,223
C00207,Ana,Cold-Outbound,busy,no_disposition,2026-08-05T16:56:00,2026-08-05T16:56:10,10
C00094,Ana,Cold-Outbound,answered,wrong_number,2026-08-07T13:09:00,2026-08-07T13:13:01,241
C00479,Bruno,Referidos,answered,callback_scheduled,2026-08-30T11:31:00,2026-08-30T11:37:05,365
C00559,Carla,Meta-Leads,answered,voicemail,2026-09-12T17:07:00,2026-09-12T17:07:42,42
C00166,Diego,Landing-Web,voicemail,voicemail,2026-08-31T09:57:00,2026-08-31T09:57:36,36
C00050,Falco,Cold-Outbound,failed,,2026-08-05T12:59:00,2026-08-05T12:59:32,32
C00508,Falco,Cold-Outbound,failed,no_disposition,2026-08-27T17:27:00,2026-08-27T17:27:07,7
C00292,Ana,Referidos,answered,wrong_number,2026-08-24T12:59:00,2026-08-24T13:01:45,165
C00152,Diego,Referidos,answered,appointment_set,2026-08-10T13:42:00,2026-08-10T13:43:59,119
C00583,Elena,Referidos,voicemail,voicemail,2026-09-12T10:08:00,2026-09-12T10:08:31,31
C00380,Falco,Google-Ads,answered,not_interested,2026-08-07T15:32:00,2026-08-07T15:37:17,317
C00196,Ana,Referidos,answered,voicemail,2026-08-08T16:12:00,2026-08-08T16:12:19,19
C00531,Bruno,Cold-Outbound,answered,wrong_number,2026-09-15T16:48:00,2026-09-15T16:52:47,287
C00452,Ana,Meta-Leads,no-answer,no_disposition,2026-08-21T16:52:00,2026-08-21T16:52:15,15
C00048,Carla,Landing-Web,answered,,2026-08-28T14:12:00,2026-08-28T14:12:18,18
C00597,Carla,Meta-Leads,answered,appointment_set,2026-09-15T17:00:00,2026-09-15T17:03:17,197
C00082,Falco,Landing-Web,voicemail,voicemail,2026-08-20T16:49:00,2026-08-20T16:49:35,35
C00318,Bruno,Meta-Leads,answered,wrong_number,2026-08-26T10:45:00,2026-08-26T10:48:41,221
C00524,Falco,Google-Ads,answered,voicemail,2026-08-24T13:25:00,2026-08-24T13:25:08,8
C00564,Elena,Landing-Web,answered,callback_scheduled,2026-08-13T18:08:00,2026-08-13T18:10:25,145
C00416,Carla,Cold-Outbound,voicemail,voicemail,2026-09-14T17:07:00,2026-09-14T17:07:45,45
C00429,Falco,Cold-Outbound,no-answer,no_disposition,2026-09-15T09:01:00,2026-09-15T09:01:26,26
C00260,Elena,Cold-Outbound,failed,,2026-08-12T15:28:00,2026-08-12T15:28:13,13
C00342,Elena,Landing-Web,answered,,2026-08-10T14:34:00,2026-08-10T14:34:08,8
X00011,Carla,Google-Ads,answered,,2026-08-06T09:00:00,2026-08-06T09:02:00,120
X00007,Ana,Meta-Leads,answered,,2026-08-13T09:00:00,2026-08-13T09:02:00,120
C00059,Bruno,Referidos,answered,wrong_number,2026-08-29T17:16:00,2026-08-29T17:21:12,312
C00061,Carla,Google-Ads,failed,no_disposition,2026-08-19T14:05:00,2026-08-19T14:05:14,14
C00005,Falco,Cold-Outbound,answered,not_interested,2026-09-08T10:05:00,2026-09-08T10:10:19,319
C00188,Carla,Landing-Web,no-answer,no_disposition,2026-08-24T18:15:00,2026-08-24T18:15:39,39
C00227,Ana,Google-Ads,answered,appointment_set,2026-08-19T09:20:00,2026-08-19T09:21:34,94
C00589,Carla,Google-Ads,answered,not_interested,2026-08-05T12:43:00,2026-08-05T12:48:35,335
C00450,Ana,Referidos,answered,no_disposition,2026-09-07T14:11:00,2026-09-07T14:11:30,30
C00195,Carla,Google-Ads,answered,sale_closed,2026-09-11T15:09:00,2026-09-11T15:12:04,184
C00354,Bruno,Referidos,answered,,2026-08-05T18:30:00,2026-08-05T18:30:55,55
C00237,Ana,Referidos,busy,no_disposition,2026-09-04T14:52:00,2026-09-04T14:52:36,36
C00045,Falco,Cold-Outbound,answered,no_disposition,2026-08-07T09:12:00,2026-08-07T09:12:59,59
C00498,Diego,Google-Ads,answered,appointment_set,2026-08-26T13:21:00,2026-08-26T13:24:27,207
C00540,Carla,Cold-Outbound,answered,voicemail,2026-08-23T12:37:00,2026-08-23T12:38:01,61
C00088,Elena,Referidos,answered,not_interested,2026-09-12T11:05:00,2026-09-12T11:10:38,338
C00305,Bruno,Landing-Web,answered,wrong_number,2026-08-19T12:19:00,2026-08-19T12:23:40,280
C00154,Falco,Landing-Web,answered,wrong_number,2026-08-15T16:03:00,2026-08-15T16:05:15,135
C00250,Elena,Landing-Web,failed,,2026-08-05T17:03:00,2026-08-05T17:03:29,29
C00203,Diego,Landing-Web,answered,sale_closed,2026-09-08T09:56:00,2026-09-08T10:00:48,288
C00123,Bruno,Referidos,answered,sale_closed,2026-09-02T12:49:00,2026-09-02T12:52:19,199
C00381,Falco,Cold-Outbound,no-answer,no_disposition,2026-08-31T12:57:00,2026-08-31T12:57:28,28
C00457,Falco,Google-Ads,busy,,2026-08-05T09:19:00,2026-08-05T09:19:17,17
C00590,Elena,Landing-Web,answered,appointment_set,2026-09-15T09:13:00,2026-09-15T09:17:49,289
C00206,Ana,Landing-Web,answered,,2026-08-24T11:02:00,2026-08-24T11:02:19,19
C00321,Elena,Meta-Leads,answered,wrong_number,2026-08-01T18:21:00,2026-08-01T18:24:57,237
C00076,Elena,Landing-Web,answered,voicemail,2026-08-21T12:46:00,2026-08-21T12:46:31,31
C00222,Falco,Referidos,failed,no_disposition,2026-08-09T12:01:00,2026-08-09T12:01:41,41
C00303,Diego,Meta-Leads,answered,,2026-08-07T12:39:00,2026-08-07T12:39:44,44
C00173,Bruno,Referidos,answered,,2026-08-20T13:34:00,2026-08-20T13:34:32,32
C00332,Falco,Cold-Outbound,answered,voicemail,2026-09-05T11:37:00,2026-09-05T11:37:25,25
C00536,Ana,Referidos,busy,no_disposition,2026-08-10T16:02:00,2026-08-10T16:02:12,12
C00060,Falco,Meta-Leads,busy,no_disposition,2026-08-05T13:42:00,2026-08-05T13:42:37,37
C00426,Ana,Cold-Outbound,answered,sale_closed,2026-08-16T13:13:00,2026-08-16T13:18:26,326
C00444,Carla,Google-Ads,answered,voicemail,2026-09-08T12:19:00,2026-09-08T12:19:17,17
C00460,Falco,Referidos,answered,wrong_number,2026-08-02T10:32:00,2026-08-02T10:36:08,248
C00182,Elena,Referidos,voicemail,voicemail,2026-09-08T15:37:00,2026-09-08T15:37:27,27
C00395,Diego,Meta-Leads,answered,sale_closed,2026-09-03T09:33:00,2026-09-03T09:35:33,153
C00028,Diego,Meta-Leads,answered,,2026-08-12T17:50:00,2026-08-12T17:50:59,59
C00086,Diego,Meta-Leads,busy,no_disposition,2026-08-27T14:47:00,2026-08-27T14:47:11,11
C00577,Ana,Landing-Web,failed,no_disposition,2026-08-12T09:32:00,2026-08-12T09:32:06,6
C00218,Elena,Meta-Leads,answered,callback_scheduled,2026-08-11T10:42:00,2026-08-11T10:44:59,179
C00437,Carla,Meta-Leads,answered,,2026-08-17T12:52:00,2026-08-17T12:52:41,41
C00594,Ana,Meta-Leads,no-answer,,2026-09-07T18:22:00,2026-09-07T18:22:37,37
C00593,Diego,Landing-Web,answered,appointment_set,2026-08-21T12:07:00,2026-08-21T12:08:10,70
C00052,Bruno,Referidos,busy,,2026-09-08T18:42:00,2026-09-08T18:42:34,34
C00294,Diego,Referidos,answered,voicemail,2026-08-08T17:13:00,2026-08-08T17:13:42,42
C00371,Carla,Google-Ads,busy,no_disposition,2026-08-10T13:47:00,2026-08-10T13:47:45,45
C00185,Bruno,Referidos,no-answer,no_disposition,2026-08-29T09:54:00,2026-08-29T09:54:13,13
C00480,Bruno,Referidos,answered,wrong_number,2026-08-09T09:29:00,2026-08-09T09:31:31,151
C00575,Falco,Landing-Web,busy,,2026-09-08T18:47:00,2026-09-08T18:47:30,30
C00100,Falco,Meta-Leads,answered,voicemail,2026-08-03T13:13:00,2026-08-03T13:13:28,28
C00111,Ana,Referidos,answered,not_interested,2026-08-16T14:08:00,2026-08-16T13:44:00,-223
C00432,Ana,Cold-Outbound,answered,voicemail,2026-08-24T16:56:00,2026-08-24T16:56:16,16
C00464,Ana,Referidos,answered,wrong_number,2026-09-01T10:58:00,2026-09-01T11:02:51,291
C00441,Carla,Referidos,failed,,2026-08-31T13:56:00,2026-08-31T13:56:41,41
C00247,Carla,Referidos,answered,wrong_number,2026-08-27T15:54:00,2026-08-27T15:55:43,103
C00400,Bruno,Referidos,answered,appointment_set,2026-08-17T12:17:00,2026-08-17T12:22:33,333
C00226,Diego,Google-Ads,voicemail,voicemail,2026-08-31T18:51:00,2026-08-31T18:51:33,33
C00070,Diego,Google-Ads,answered,voicemail,2026-08-16T15:30:00,2026-08-16T15:30:59,59
C00506,Carla,Cold-Outbound,answered,sale_closed,2026-08-20T10:29:00,2026-08-20T10:29:41,41
C00570,Ana,Meta-Leads,answered,callback_scheduled,2026-08-29T12:59:00,2026-08-29T13:01:26,146
C00335,Bruno,Meta-Leads,answered,no_disposition,2026-09-03T13:14:00,2026-09-03T13:14:11,11
C00234,Elena,Landing-Web,answered,sale_closed,2026-09-06T11:30:00,2026-09-06T11:33:40,220
C00155,Falco,Cold-Outbound,answered,voicemail,2026-09-03T14:26:00,2026-09-03T14:26:24,24
C00363,Bruno,Google-Ads,answered,appointment_set,2026-08-09T12:27:00,2026-08-09T12:31:09,249
C00027,Elena,Meta-Leads,answered,,2026-09-15T15:33:00,2026-09-15T15:33:05,5
C00519,Carla,Meta-Leads,answered,appointment_set,2026-08-08T12:26:00,2026-08-08T12:30:07,247
C00385,Diego,Google-Ads,failed,,2026-08-06T12:42:00,2026-08-06T12:42:14,14
C00165,Ana,Referidos,answered,,2026-08-26T16:50:00,2026-08-26T16:50:41,41
C00067,Elena,Cold-Outbound,answered,,2026-09-09T13:06:00,2026-09-09T13:07:38,98
C00049,Bruno,Referidos,answered,wrong_number,2026-09-12T10:23:00,2026-09-12T10:25:16,136
C00201,Elena,Google-Ads,answered,not_interested,2026-08-24T14:24:00,2026-08-24T14:28:03,243
C00415,Bruno,Cold-Outbound,answered,wrong_number,2026-08-16T18:55:00,2026-08-16T18:56:36,96
C00472,Diego,Landing-Web,answered,not_interested,2026-08-11T17:38:00,2026-08-11T17:41:24,204
X00006,Bruno,Meta-Leads,answered,,2026-09-06T09:00:00,2026-09-06T09:02:00,120
C00569,Diego,Cold-Outbound,busy,no_disposition,2026-08-27T15:16:00,2026-08-27T15:16:29,29
C00402,Bruno,Cold-Outbound,answered,,2026-08-07T11:27:00,2026-08-07T11:27:55,55
C00144,Diego,Meta-Leads,answered,wrong_number,2026-08-19T09:38:00,2026-08-19T09:43:42,342
C00422,Elena,Referidos,busy,,2026-08-27T12:23:00,2026-08-27T12:23:12,12
C00270,Bruno,Cold-Outbound,answered,callback_scheduled,2026-09-08T17:44:00,2026-09-08T17:49:37,337
C00036,Elena,Google-Ads,answered,voicemail,2026-08-20T18:49:00,2026-08-20T18:49:17,17
C00489,Ana,Landing-Web,busy,,2026-09-11T12:54:00,2026-09-11T12:54:21,21
C00430,Elena,Google-Ads,failed,,2026-08-19T16:16:00,2026-08-19T16:16:10,10
C00094,Ana,Cold-Outbound,answered,wrong_number,2026-08-07T13:09:00,2026-08-07T12:57:00,-241
C00178,Elena,Landing-Web,answered,not_interested,2026-09-14T18:49:00,2026-09-14T18:52:49,229
C00242,Bruno,Cold-Outbound,answered,callback_scheduled,2026-09-07T18:24:00,2026-09-07T18:25:31,91
C00491,Carla,Meta-Leads,answered,not_interested,2026-09-06T11:00:00,2026-09-06T11:04:51,291
C00572,Elena,Google-Ads,no-answer,no_disposition,2026-08-31T17:44:00,2026-08-31T17:44:19,19
C00553,Ana,Cold-Outbound,no-answer,no_disposition,2026-08-21T10:06:00,2026-08-21T10:06:08,8
C00421,Diego,Landing-Web,failed,no_disposition,2026-08-08T10:12:00,2026-08-08T10:07:00,-42
C00280,Ana,Google-Ads,answered,,2026-08-11T18:10:00,2026-08-11T18:11:21,81
C00011,Carla,Cold-Outbound,no-answer,,2026-08-27T16:58:00,2026-08-27T16:58:08,8
C00081,Ana,Meta-Leads,answered,not_interested,2026-08-27T17:58:00,2026-08-27T18:00:31,151
C00337,Bruno,Landing-Web,answered,wrong_number,2026-08-26T17:36:00,2026-08-26T17:39:13,193
C00474,Falco,Cold-Outbound,busy,,2026-09-06T17:47:00,2026-09-06T17:47:35,35
C00153,Elena,Google-Ads,answered,wrong_number,2026-08-16T09:45:00,2026-08-16T09:47:39,159
C00200,Elena,Landing-Web,answered,sale_closed,2026-08-13T15:41:00,2026-08-13T15:42:37,97
C00372,Elena,Meta-Leads,answered,callback_scheduled,2026-09-06T15:38:00,2026-09-06T15:39:35,95
C00548,Elena,Meta-Leads,answered,appointment_set,2026-09-03T13:40:00,2026-09-03T13:46:23,383
C00560,Carla,Landing-Web,answered,not_interested,2026-08-20T16:08:00,2026-08-20T16:09:52,112
C00397,Diego,Cold-Outbound,answered,,2026-08-31T14:08:00,2026-08-31T14:09:33,93
C00591,Falco,Referidos,busy,no_disposition,2026-08-02T12:54:00,2026-08-02T12:54:20,20
C00512,Elena,Meta-Leads,voicemail,voicemail,2026-08-19T10:28:00,2026-08-19T10:28:17,17
C00358,Ana,Cold-Outbound,no-answer,no_disposition,2026-08-30T09:43:00,2026-08-30T09:43:07,7
C00115,Falco,Meta-Leads,answered,voicemail,2026-08-09T10:04:00,2026-08-09T10:04:23,23
C00437,Carla,Meta-Leads,answered,,2026-08-17T12:52:00,2026-08-17T12:52:41,41
C00375,Falco,Meta-Leads,answered,,2026-08-14T09:37:00,2026-08-14T09:37:36,36
C00107,Ana,Meta-Leads,busy,,2026-08-29T14:57:00,2026-08-29T14:57:30,30
C00366,Ana,Cold-Outbound,answered,callback_scheduled,2026-09-14T13:54:00,2026-09-14T13:59:22,322
C00459,Falco,Google-Ads,no-answer,,2026-08-07T11:06:00,2026-08-07T11:06:16,16
C00078,Elena,Meta-Leads,answered,not_interested,2026-08-25T16:44:00,2026-08-25T16:49:17,317
C00170,Diego,Cold-Outbound,answered,no_disposition,2026-08-15T15:04:00,2026-08-15T15:04:58,58
C00414,Ana,Google-Ads,no-answer,no_disposition,2026-08-18T11:24:00,2026-08-18T11:24:40,40
C00030,Diego,Meta-Leads,answered,callback_scheduled,2026-09-15T12:39:00,2026-09-15T12:43:39,279
C00514,Bruno,Landing-Web,answered,callback_scheduled,2026-08-04T09:18:00,2026-08-04T09:20:34,154
C00360,Diego,Google-Ads,answered,,2026-08-12T16:44:00,2026-08-12T16:45:05,65
C00149,Falco,Meta-Leads,answered,appointment_set,2026-09-07T10:14:00,2026-09-07T10:17:01,181
C00253,Elena,Meta-Leads,answered,not_interested,2026-09-01T10:30:00,2026-09-01T10:33:47,227
C00110,Diego,Meta-Leads,answered,appointment_set,2026-09-15T17:00:00,2026-09-15T17:00:59,59
C00424,Ana,Cold-Outbound,answered,sale_closed,2026-09-07T17:16:00,2026-09-07T17:20:38,278
C00323,Diego,Meta-Leads,answered,callback_scheduled,2026-08-22T16:10:00,2026-08-22T16:13:54,234
C00244,Bruno,Meta-Leads,answered,callback_scheduled,2026-09-08T09:08:00,2026-09-08T09:14:35,395
C00293,Elena,Meta-Leads,answered,appointment_set,2026-08-25T15:27:00,2026-08-25T15:33:38,398
C00361,Ana,Google-Ads,voicemail,voicemail,2026-09-15T16:40:00,2026-09-15T16:40:37,37
C00461,Bruno,Landing-Web,failed,no_disposition,2026-08-01T10:41:00,2026-08-01T10:41:28,28
C00140,Ana,Landing-Web,answered,callback_scheduled,2026-09-13T18:16:00,2026-09-13T18:19:31,211
C00063,Diego,Google-Ads,no-answer,,2026-08-10T15:59:00,2026-08-10T15:59:35,35
C00352,Ana,Landing-Web,answered,sale_closed,2026-08-18T12:50:00,2026-08-18T12:54:51,291
C00257,Bruno,Referidos,answered,callback_scheduled,2026-09-03T12:26:00,2026-09-03T12:29:27,207
C00158,Ana,Meta-Leads,busy,,2026-08-13T11:00:00,2026-08-13T11:00:43,43
C00495,Diego,Referidos,answered,appointment_set,2026-08-11T16:58:00,2026-08-11T17:02:41,281
C00306,Carla,Referidos,answered,,2026-08-15T12:19:00,2026-08-15T12:19:37,37
C00578,Bruno,Meta-Leads,answered,callback_scheduled,2026-08-05T15:35:00,2026-08-05T15:37:40,160
C00359,Elena,Cold-Outbound,answered,not_interested,2026-09-03T09:50:00,2026-09-03T09:54:49,289
C00582,Carla,Referidos,answered,wrong_number,2026-08-26T11:59:00,2026-08-26T12:01:43,163
C00410,Falco,Meta-Leads,answered,voicemail,2026-08-01T11:56:00,2026-08-01T11:56:34,34
C00434,Elena,Landing-Web,answered,voicemail,2026-08-08T17:01:00,2026-08-08T17:01:44,44
C00530,Elena,Landing-Web,answered,no_disposition,2026-08-26T13:30:00,2026-08-26T13:31:40,100
C00382,Diego,Meta-Leads,busy,no_disposition,2026-09-14T14:38:00,2026-09-14T14:38:36,36
C00475,Elena,Google-Ads,answered,,2026-08-21T15:26:00,2026-08-21T15:26:47,47
C00145,Diego,Cold-Outbound,answered,appointment_set,2026-09-02T14:35:00,2026-09-02T14:40:31,331
C00307,Ana,Landing-Web,answered,wrong_number,2026-08-05T17:35:00,2026-08-05T17:37:35,155
C00075,Carla,Google-Ads,answered,not_interested,2026-08-26T09:14:00,2026-08-26T09:16:45,165
C00233,Falco,Cold-Outbound,answered,no_disposition,2026-09-06T13:01:00,2026-09-06T13:01:07,7
C00515,Carla,Google-Ads,failed,,2026-09-05T13:33:00,2026-09-05T13:33:08,8
C00255,Carla,Cold-Outbound,answered,sale_closed,2026-09-03T17:56:00,2026-09-03T18:01:11,311
C00112,Carla,Cold-Outbound,answered,sale_closed,2026-08-01T15:01:00,2026-08-01T15:05:42,282
C00428,Ana,Cold-Outbound,busy,,2026-08-30T11:21:00,2026-08-30T11:21:28,28
C00151,Ana,Google-Ads,answered,voicemail,2026-08-20T16:54:00,2026-08-20T16:54:19,19
C00417,Carla,Landing-Web,answered,wrong_number,2026-08-29T16:01:00,2026-08-29T16:03:36,156
C00074,Diego,Google-Ads,failed,no_disposition,2026-08-10T12:51:00,2026-08-10T12:51:40,40
C00161,Elena,Meta-Leads,answered,wrong_number,2026-08-10T09:16:00,2026-08-10T09:21:43,343
C00235,Elena,Cold-Outbound,no-answer,no_disposition,2026-08-01T17:55:00,2026-08-01T17:55:14,14
C00510,Carla,Landing-Web,busy,no_disposition,2026-08-05T13:34:00,2026-08-05T13:34:12,12
C00275,Falco,Landing-Web,answered,wrong_number,2026-08-08T15:26:00,2026-08-08T15:28:57,177
C00004,Carla,Cold-Outbound,answered,callback_scheduled,2026-08-18T10:07:00,2026-08-18T10:13:00,360
C00202,Bruno,Referidos,answered,sale_closed,2026-08-06T14:17:00,2026-08-06T14:20:34,214
C00054,Ana,Landing-Web,failed,no_disposition,2026-08-03T16:22:00,2026-08-03T16:22:06,6
C00113,Carla,Meta-Leads,failed,no_disposition,2026-09-12T10:46:00,2026-09-12T10:46:13,13
C00501,Falco,Landing-Web,answered,no_disposition,2026-08-06T13:57:00,2026-08-06T13:57:24,24
C00555,Ana,Landing-Web,answered,,2026-09-15T10:09:00,2026-09-15T10:09:45,45
C00339,Bruno,Google-Ads,answered,callback_scheduled,2026-08-03T16:51:00,2026-08-03T16:53:34,154
C00266,Falco,Cold-Outbound,voicemail,voicemail,2026-08-07T13:20:00,2026-08-07T13:20:30,30
C00064,Carla,Referidos,answered,voicemail,2026-09-09T15:47:00,2026-09-09T15:47:25,25
C00407,Falco,Cold-Outbound,answered,wrong_number,2027-01-01T00:00:00,2027-01-01T00:05:00,94
C00554,Carla,Landing-Web,answered,appointment_set,2026-09-10T16:22:00,2026-09-10T16:28:30,390
C00347,Elena,Referidos,voicemail,voicemail,2026-09-05T17:14:00,2026-09-05T17:14:29,29
C00393,Elena,Meta-Leads,answered,voicemail,2026-09-06T09:52:00,2026-09-06T09:52:23,23
C00186,Bruno,Cold-Outbound,answered,voicemail,2026-09-05T17:37:00,2026-09-05T17:37:31,31
C00565,Ana,Meta-Leads,failed,no_disposition,2026-09-02T15:37:00,2026-09-02T15:37:36,36
C00163,Bruno,Google-Ads,answered,not_interested,2026-09-15T11:34:00,2026-09-15T11:40:01,361
C00547,Elena,Landing-Web,answered,,2026-09-01T11:54:00,2026-09-01T11:55:04,64
C00198,Falco,Cold-Outbound,no-answer,,2026-08-14T10:28:00,2026-08-14T10:28:42,42
C00433,Falco,Google-Ads,answered,sale_closed,2026-09-05T12:29:00,2026-09-05T12:32:59,239
C00097,Carla,Meta-Leads,answered,voicemail,2026-08-29T10:09:00,2026-08-29T10:10:12,72
C00274,Falco,Referidos,answered,sale_closed,2026-09-05T09:55:00,2026-09-05T09:59:53,293
C00302,Carla,Landing-Web,failed,,2026-08-23T15:47:00,2026-08-23T15:47:19,19
C00031,Bruno,Cold-Outbound,answered,not_interested,2026-08-15T13:39:00,2026-08-15T13:40:45,105
C00159,Falco,Meta-Leads,answered,no_disposition,2026-08-26T13:05:00,2026-08-26T13:06:13,73
C00000,Falco,Google-Ads,answered,appointment_set,2026-08-02T13:41:00,2026-08-02T13:43:16,136
C00586,Carla,Google-Ads,answered,appointment_set,2026-09-04T15:40:00,2026-09-04T15:33:00,-329
C00295,Bruno,Cold-Outbound,answered,wrong_number,2026-08-02T13:09:00,2026-08-02T13:14:00,300
C00194,Diego,Google-Ads,no-answer,no_disposition,2026-08-28T12:27:00,2026-08-28T12:27:15,15
C00488,Diego,Referidos,failed,,2026-08-12T15:42:00,2026-08-12T15:42:06,6
C00160,Carla,Referidos,answered,no_disposition,2026-09-02T17:29:00,2026-09-02T17:30:11,71
C00436,Diego,Google-Ads,answered,wrong_number,2026-08-19T12:13:00,2026-08-19T12:16:48,228
C00558,Ana,Cold-Outbound,failed,,2026-08-23T12:20:00,2026-08-23T12:20:09,9
C00376,Diego,Google-Ads,failed,no_disposition,2026-08-07T17:53:00,2026-08-07T17:53:06,6
C00520,Diego,Cold-Outbound,busy,,2026-09-03T15:10:00,2026-09-03T15:10:05,5
C00581,Carla,Landing-Web,answered,,2026-09-01T16:51:00,2026-09-01T16:51:23,23
C00348,Elena,Landing-Web,answered,sale_closed,2026-08-03T13:21:00,2026-08-03T13:23:53,173
C00545,Diego,Referidos,answered,callback_scheduled,2026-08-13T16:35:00,2026-08-13T16:10:00,-98
C00114,Ana,Referidos,no-answer,no_disposition,2026-09-04T14:46:00,2026-09-04T14:46:35,35
C00556,Carla,Referidos,busy,,2026-08-27T17:12:00,2026-08-27T17:12:20,20
C00297,Falco,Referidos,answered,sale_closed,2026-08-30T10:10:00,2026-08-30T10:13:44,224
C00551,Diego,Meta-Leads,failed,,2026-08-22T09:55:00,2026-08-22T09:55:09,9
C00265,Falco,Referidos,answered,not_interested,2026-09-02T18:35:00,2026-09-02T18:41:27,387
C00228,Diego,Google-Ads,answered,voicemail,2026-08-28T11:48:00,2026-08-28T11:48:08,8
C00238,Elena,Landing-Web,answered,sale_closed,2026-08-31T09:38:00,2026-08-31T09:42:25,265
C00447,Bruno,Cold-Outbound,answered,callback_scheduled,2026-08-24T15:35:00,2026-08-24T15:38:36,216
C00390,Elena,Meta-Leads,answered,not_interested,2026-08-30T17:41:00,2026-08-30T17:45:58,298
C00386,Falco,Meta-Leads,answered,wrong_number,2026-08-29T18:04:00,2026-08-29T18:09:42,342
C00193,Falco,Referidos,answered,sale_closed,2026-08-05T18:07:00,2026-08-05T18:12:03,303
C00066,Diego,Google-Ads,answered,appointment_set,2026-09-10T10:42:00,2026-09-10T10:44:44,164
C00229,Ana,Referidos,answered,wrong_number,2026-08-14T12:14:00,2026-08-14T12:18:36,276
C00340,Falco,Referidos,answered,,2026-08-31T11:57:00,2026-08-31T11:58:14,74
C00092,Ana,Google-Ads,answered,wrong_number,2026-09-01T16:20:00,2026-09-01T16:24:01,241
C00503,Falco,Referidos,busy,no_disposition,2027-06-28T00:00:00,2027-06-28T00:05:00,26
C00139,Carla,Cold-Outbound,failed,no_disposition,2026-08-23T18:33:00,2026-08-23T18:33:23,23
C00126,Falco,Landing-Web,answered,appointment_set,2026-08-12T11:12:00,2026-08-12T11:13:31,91
C00567,Elena,Cold-Outbound,voicemail,voicemail,2026-09-10T18:57:00,2026-09-10T18:57:17,17
C00263,Elena,Cold-Outbound,answered,callback_scheduled,2026-09-01T11:49:00,2026-09-01T11:53:21,261
C00225,Bruno,Meta-Leads,answered,appointment_set,2026-09-14T10:09:00,2026-09-14T10:10:56,116
C00287,Falco,Google-Ads,answered,not_interested,2026-08-17T10:40:00,2026-08-17T10:45:10,310
C00392,Ana,Landing-Web,answered,appointment_set,2026-09-09T10:30:00,2026-09-09T10:37:34,454
C00334,Falco,Landing-Web,answered,appointment_set,2026-08-17T09:50:00,2026-08-17T09:55:35,335
C00164,Elena,Meta-Leads,answered,voicemail,2026-08-16T12:16:00,2026-08-16T12:16:22,22
C00029,Elena,Referidos,answered,not_interested,2026-08-29T17:36:00,2026-08-29T17:41:52,352
C00445,Ana,Landing-Web,busy,,2026-08-29T10:29:00,2026-08-29T10:29:36,36
C00108,Elena,Referidos,busy,,2026-08-16T15:35:00,2026-08-16T15:35:06,6
C00091,Bruno,Landing-Web,answered,wrong_number,2026-08-08T14:53:00,2026-08-08T14:44:00,-205
C00174,Diego,Referidos,answered,not_interested,2026-08-31T10:18:00,2026-08-31T10:21:06,186
X00005,Ana,Cold-Outbound,answered,,2026-09-02T09:00:00,2026-09-02T09:02:00,120
C00249,Diego,Referidos,answered,,2026-08-24T13:26:00,2026-08-24T13:26:43,43
C00246,Elena,Meta-Leads,voicemail,voicemail,2026-08-04T15:53:00,2026-08-04T15:53:36,36
C00493,Carla,Cold-Outbound,answered,appointment_set,2026-09-12T15:19:00,2026-09-12T15:24:13,313
C00118,Ana,Cold-Outbound,answered,,2026-09-08T12:04:00,2026-09-08T12:04:35,35
C00456,Bruno,Google-Ads,answered,sale_closed,2026-08-31T14:56:00,2026-08-31T14:59:37,217
C00172,Ana,Meta-Leads,answered,wrong_number,2027-07-18T00:00:00,2027-07-18T00:05:00,312
C00478,Bruno,Cold-Outbound,busy,,2026-08-18T18:05:00,2026-08-18T18:05:38,38
C00308,Diego,Cold-Outbound,answered,,2026-09-07T09:28:00,2026-09-07T09:29:14,74
C00089,Ana,Meta-Leads,busy,,2026-08-18T14:16:00,2026-08-18T14:16:16,16
C00509,Diego,Cold-Outbound,answered,no_disposition,2026-09-01T17:45:00,2026-09-01T17:46:05,65
C00130,Carla,Cold-Outbound,answered,callback_scheduled,2026-09-09T16:08:00,2026-09-09T16:10:51,171
C00032,Diego,Landing-Web,answered,sale_closed,2026-09-06T09:27:00,2026-09-06T09:30:56,236
C00516,Diego,Cold-Outbound,failed,,2026-08-08T10:48:00,2026-08-08T10:48:40,40
X00001,Carla,Cold-Outbound,answered,,2026-09-11T09:00:00,2026-09-11T09:02:00,120
C00146,Falco,Referidos,answered,not_interested,2026-08-24T12:46:00,2026-08-24T12:49:10,190
C00199,Falco,Cold-Outbound,answered,sale_closed,2026-08-23T16:19:00,2026-08-23T16:21:58,178
C00300,Elena,Google-Ads,answered,callback_scheduled,2026-09-03T09:07:00,2026-09-03T09:09:59,179
C00394,Diego,Google-Ads,answered,callback_scheduled,2026-08-09T17:37:00,2026-08-09T17:40:02,182
X00008,Carla,Cold-Outbound,answered,,2026-08-13T09:00:00,2026-08-13T09:02:00,120
C00487,Falco,Meta-Leads,answered,voicemail,2026-08-17T11:57:00,2026-08-17T11:57:17,17
C00438,Bruno,Landing-Web,answered,sale_closed,2026-08-11T18:08:00,2026-08-11T18:10:00,120
C00356,Carla,Google-Ads,answered,not_interested,2026-09-14T17:08:00,2026-09-14T17:12:33,273
C00083,Diego,Cold-Outbound,answered,,2026-09-13T10:50:00,2026-09-13T10:50:35,35
C00409,Ana,Google-Ads,answered,voicemail,2026-08-10T17:20:00,2026-08-10T17:20:20,20
X00014,Bruno,Cold-Outbound,answered,,2026-09-07T09:00:00,2026-09-07T09:02:00,120
C00239,Carla,Cold-Outbound,failed,,2026-08-21T13:35:00,2026-08-21T13:35:17,17
C00454,Carla,Landing-Web,answered,,2026-09-10T10:18:00,2026-09-10T10:19:09,69
C00333,Ana,Landing-Web,answered,sale_closed,2026-09-12T10:08:00,2026-09-12T10:09:39,99
C00046,Carla,Cold-Outbound,answered,wrong_number,2026-08-08T10:06:00,2026-08-08T10:08:02,122
C00368,Ana,Referidos,no-answer,,2026-08-23T18:33:00,2026-08-23T18:33:45,45
C00017,Diego,Referidos,answered,voicemail,2026-08-04T10:34:00,2026-08-04T10:34:05,5
C00329,Bruno,Referidos,busy,,2026-09-05T14:55:00,2026-09-05T14:55:06,6
C00595,Ana,Cold-Outbound,answered,sale_closed,2026-08-30T14:18:00,2026-08-30T14:21:19,199
C00192,Diego,Landing-Web,answered,voicemail,2026-08-18T15:17:00,2026-08-18T15:17:47,47
C00423,Carla,Meta-Leads,no-answer,no_disposition,2026-08-07T13:02:00,2026-08-07T13:02:19,19
C00527,Carla,Landing-Web,voicemail,voicemail,2026-09-13T11:23:00,2026-09-13T11:23:25,25
C00486,Bruno,Referidos,answered,wrong_number,2026-09-02T10:07:00,2026-09-02T10:12:01,301
C00462,Falco,Landing-Web,voicemail,voicemail,2026-08-12T16:30:00,2026-08-12T16:30:27,27
C00377,Elena,Referidos,answered,callback_scheduled,2026-09-10T12:34:00,2026-09-10T12:36:47,167
C00254,Bruno,Google-Ads,answered,,2026-08-25T17:35:00,2026-08-25T17:35:07,7
C00286,Bruno,Cold-Outbound,answered,sale_closed,2026-09-11T17:44:00,2026-09-11T17:46:31,151
C00543,Carla,Meta-Leads,answered,wrong_number,2026-09-12T14:29:00,2026-09-12T14:32:45,225
C00125,Carla,Google-Ads,answered,voicemail,2026-08-29T16:57:00,2026-08-29T16:57:40,40
C00026,Ana,Google-Ads,voicemail,voicemail,2026-08-16T17:06:00,2026-08-16T17:06:31,31
C00142,Carla,Referidos,no-answer,,2026-09-11T10:00:00,2026-09-11T10:00:39,39
C00411,Elena,Meta-Leads,no-answer,,2026-09-07T10:05:00,2026-09-07T10:05:36,36
C00467,Carla,Cold-Outbound,voicemail,voicemail,2026-09-01T12:56:00,2026-09-01T12:56:11,11
C00003,Diego,Referidos,answered,sale_closed,2026-08-30T15:13:00,2026-08-30T15:17:02,242
C00102,Falco,Referidos,answered,not_interested,2026-08-05T14:37:00,2026-08-05T14:42:40,340
C00338,Bruno,Landing-Web,answered,callback_scheduled,2026-09-04T12:39:00,2026-09-04T12:43:43,283
C00364,Elena,Google-Ads,answered,wrong_number,2026-08-16T18:20:00,2026-08-16T18:24:23,263
C00058,Diego,Cold-Outbound,answered,no_disposition,2026-08-04T12:12:00,2026-08-04T12:13:26,86
C00387,Ana,Meta-Leads,answered,voicemail,2026-08-28T15:43:00,2026-08-28T15:43:29,29
C00408,Diego,Google-Ads,answered,not_interested,2026-08-03T14:47:00,2026-08-03T14:48:42,102
C00369,Bruno,Referidos,answered,wrong_number,2026-08-17T10:09:00,2026-08-17T10:13:34,274
C00245,Carla,Referidos,answered,voicemail,2026-08-18T13:27:00,2026-08-18T13:27:14,14
C00322,Ana,Meta-Leads,answered,wrong_number,2026-08-09T13:56:00,2026-08-09T14:00:10,250
C00351,Elena,Referidos,answered,appointment_set,2026-08-22T17:21:00,2026-08-22T17:23:50,170
C00379,Ana,Referidos,answered,,2026-09-09T14:46:00,2026-09-09T14:46:06,6
C00344,Diego,Cold-Outbound,answered,wrong_number,2026-09-11T18:45:00,2026-09-11T18:50:09,309
C00439,Elena,Google-Ads,no-answer,no_disposition,2026-09-12T14:24:00,2026-09-12T14:24:33,33
C00345,Ana,Meta-Leads,answered,appointment_set,2026-08-13T15:22:00,2026-08-13T15:23:49,109
C00484,Falco,Google-Ads,busy,,2026-09-04T13:02:00,2026-09-04T13:02:30,30
C00497,Carla,Google-Ads,answered,appointment_set,2026-08-19T11:04:00,2026-08-19T11:09:06,306
X00010,Falco,Meta-Leads,answered,,2026-08-07T09:00:00,2026-08-07T09:02:00,120
C00532,Carla,Cold-Outbound,answered,not_interested,2026-08-02T11:26:00,2026-08-02T11:30:16,256
C00384,Bruno,Cold-Outbound,answered,not_interested,2026-08-25T10:07:00,2026-08-25T10:13:31,391
X00009,Falco,Landing-Web,answered,,2026-08-29T09:00:00,2026-08-29T09:02:00,120
C00534,Falco,Google-Ads,answered,wrong_number,2026-09-11T18:32:00,2026-09-11T18:37:18,318
C00216,Elena,Cold-Outbound,answered,not_interested,2026-08-04T10:29:00,2026-08-04T10:31:45,165
C00099,Bruno,Google-Ads,busy,,2026-08-29T10:45:00,2026-08-29T10:45:37,37
C00042,Bruno,Cold-Outbound,failed,no_disposition,2026-09-01T18:28:00,2026-09-01T18:28:36,36
C00596,Diego,Cold-Outbound,answered,wrong_number,2026-08-11T17:02:00,2026-08-11T17:07:18,318
C00007,Ana,Google-Ads,answered,wrong_number,2026-08-24T14:14:00,2026-08-24T14:16:10,130
C00272,Bruno,Landing-Web,no-answer,,2026-08-03T15:07:00,2026-08-03T15:07:40,40
C00062,Diego,Landing-Web,answered,not_interested,2026-08-31T14:53:00,2026-08-31T14:58:12,312
C00009,Diego,Google-Ads,answered,wrong_number,2026-08-16T12:50:00,2026-08-16T12:52:00,120
C00103,Bruno,Referidos,answered,sale_closed,2026-09-01T12:16:00,2026-09-01T12:18:37,157
C00496,Elena,Landing-Web,no-answer,no_disposition,2026-08-12T16:06:00,2026-08-12T16:06:11,11
